stream,window_start,ion,mean_concentration
MPR,1988-01-01,K,NA
MPR,1988-01-01,Mg,NA
MPR,1988-01-01,NO3,NA
MPR,1988-01-01,Ca,NA
MPR,1988-01-01,NH4,NA
MPR,1988-03-04,K,NA
MPR,1988-03-04,Mg,NA
MPR,1988-03-04,NO3,NA
MPR,1988-03-04,Ca,NA
MPR,1988-03-04,NH4,NA
MPR,1988-05-06,K,NA
MPR,1988-05-06,Mg,NA
MPR,1988-05-06,NO3,NA
MPR,1988-05-06,Ca,NA
MPR,1988-05-06,NH4,NA
MPR,1988-07-08,K,NA
MPR,1988-07-08,Mg,NA
MPR,1988-07-08,NO3,NA
MPR,1988-07-08,Ca,NA
MPR,1988-07-08,NH4,NA
MPR,1988-09-09,K,NA
MPR,1988-09-09,Mg,NA
MPR,1988-09-09,NO3,NA
MPR,1988-09-09,Ca,NA
MPR,1988-09-09,NH4,NA
MPR,1988-11-11,K,NA
MPR,1988-11-11,Mg,NA
MPR,1988-11-11,NO3,NA
MPR,1988-11-11,Ca,NA
MPR,1988-11-11,NH4,NA
MPR,1989-01-13,K,NA
MPR,1989-01-13,Mg,NA
MPR,1989-01-13,NO3,NA
MPR,1989-01-13,Ca,NA
MPR,1989-01-13,NH4,NA
MPR,1989-03-17,K,0.77
MPR,1989-03-17,Mg,1.92
MPR,1989-03-17,NO3,69
MPR,1989-03-17,Ca,6.15
MPR,1989-03-17,NH4,NA
MPR,1989-05-19,K,0.675
MPR,1989-05-19,Mg,1.965
MPR,1989-05-19,NO3,58.285714285714285
MPR,1989-05-19,Ca,6.525
MPR,1989-05-19,NH4,NA
MPR,1989-07-21,K,0.6614285714285714
MPR,1989-07-21,Mg,1.5783333333333334
MPR,1989-07-21,NO3,73.71428571428571
MPR,1989-07-21,Ca,6.252857142857143
MPR,1989-07-21,NH4,NA
MPR,1989-09-22,K,1.21
MPR,1989-09-22,Mg,2.194
MPR,1989-09-22,NO3,263.5
MPR,1989-09-22,Ca,6.906
MPR,1989-09-22,NH4,NA
MPR,1989-11-24,K,0.9
MPR,1989-11-24,Mg,2.5187500000000003
MPR,1989-11-24,NO3,85.85714285714286
MPR,1989-11-24,Ca,9.15375
MPR,1989-11-24,NH4,NA
MPR,1990-01-26,K,1.0855555555555556
MPR,1990-01-26,Mg,2.048888888888889
MPR,1990-01-26,NO3,243.88888888888889
MPR,1990-01-26,Ca,8.305
MPR,1990-01-26,NH4,NA
MPR,1990-03-30,K,0.9944444444444445
MPR,1990-03-30,Mg,2.207777777777778
MPR,1990-03-30,NO3,130.11111111111111
MPR,1990-03-30,Ca,9.503333333333334
MPR,1990-03-30,NH4,NA
MPR,1990-06-01,K,0.9299999999999999
MPR,1990-06-01,Mg,2.0355555555555553
MPR,1990-06-01,NO3,175.66666666666666
MPR,1990-06-01,Ca,8.523333333333333
MPR,1990-06-01,NH4,NA
MPR,1990-08-03,K,0.8422222222222222
MPR,1990-08-03,Mg,2.1055555555555556
MPR,1990-08-03,NO3,128.88888888888889
MPR,1990-08-03,Ca,9.421111111111111
MPR,1990-08-03,NH4,NA
MPR,1990-10-05,K,0.7633333333333333
MPR,1990-10-05,Mg,1.7955555555555556
MPR,1990-10-05,NO3,142.125
MPR,1990-10-05,Ca,6.92
MPR,1990-10-05,NH4,NA
MPR,1990-12-07,K,0.6488888888888888
MPR,1990-12-07,Mg,2.25
MPR,1990-12-07,NO3,139
MPR,1990-12-07,Ca,7.6322222222222225
MPR,1990-12-07,NH4,NA
MPR,1991-02-08,K,0.92125
MPR,1991-02-08,Mg,1.9975
MPR,1991-02-08,NO3,105.57142857142857
MPR,1991-02-08,Ca,7.551428571428572
MPR,1991-02-08,NH4,NA
MPR,1991-04-12,K,0.77
MPR,1991-04-12,Mg,0.86875
MPR,1991-04-12,NO3,52.22222222222222
MPR,1991-04-12,Ca,4.635
MPR,1991-04-12,NH4,NA
MPR,1991-06-14,K,0.77375
MPR,1991-06-14,Mg,1.96875
MPR,1991-06-14,NO3,57.125
MPR,1991-06-14,Ca,6.26
MPR,1991-06-14,NH4,NA
MPR,1991-08-16,K,0.8388888888888889
MPR,1991-08-16,Mg,2.4766666666666666
MPR,1991-08-16,NO3,106
MPR,1991-08-16,Ca,8.877777777777778
MPR,1991-08-16,NH4,NA
MPR,1991-10-18,K,0.655
MPR,1991-10-18,Mg,1.77375
MPR,1991-10-18,NO3,101.44444444444444
MPR,1991-10-18,Ca,5.67
MPR,1991-10-18,NH4,NA
MPR,1991-12-20,K,0.8244444444444444
MPR,1991-12-20,Mg,2.183333333333333
MPR,1991-12-20,NO3,117.77777777777777
MPR,1991-12-20,Ca,9.377777777777778
MPR,1991-12-20,NH4,NA
MPR,1992-02-21,K,0.9188888888888889
MPR,1992-02-21,Mg,2.7511111111111113
MPR,1992-02-21,NO3,107.375
MPR,1992-02-21,Ca,9.365
MPR,1992-02-21,NH4,NA
MPR,1992-04-24,K,0.8366666666666667
MPR,1992-04-24,Mg,1.7522222222222221
MPR,1992-04-24,NO3,54.625
MPR,1992-04-24,Ca,7.101111111111111
MPR,1992-04-24,NH4,NA
MPR,1992-06-26,K,0.7933333333333333
MPR,1992-06-26,Mg,2.1577777777777776
MPR,1992-06-26,NO3,43.666666666666664
MPR,1992-06-26,Ca,8.5
MPR,1992-06-26,NH4,NA
MPR,1992-08-28,K,0.9
MPR,1992-08-28,Mg,2.4855555555555555
MPR,1992-08-28,NO3,46.44444444444444
MPR,1992-08-28,Ca,10.154444444444444
MPR,1992-08-28,NH4,NA
MPR,1992-10-30,K,0.62
MPR,1992-10-30,Mg,1.5975
MPR,1992-10-30,NO3,35.166666666666664
MPR,1992-10-30,Ca,6.53125
MPR,1992-10-30,NH4,NA
MPR,1993-01-01,K,0.7222222222222222
MPR,1993-01-01,Mg,1.981111111111111
MPR,1993-01-01,NO3,78
MPR,1993-01-01,Ca,7.802222222222222
MPR,1993-01-01,NH4,NA
MPR,1993-03-05,K,0.8533333333333334
MPR,1993-03-05,Mg,2.3055555555555554
MPR,1993-03-05,NO3,80.22222222222223
MPR,1993-03-05,Ca,9.028888888888888
MPR,1993-03-05,NH4,NA
MPR,1993-05-07,K,0.8077777777777778
MPR,1993-05-07,Mg,2.051111111111111
MPR,1993-05-07,NO3,55.33333333333333
MPR,1993-05-07,Ca,8.234444444444444
MPR,1993-05-07,NH4,NA
MPR,1993-07-09,K,0.8075
MPR,1993-07-09,Mg,1.97375
MPR,1993-07-09,NO3,50.75
MPR,1993-07-09,Ca,8.455
MPR,1993-07-09,NH4,NA
MPR,1993-09-10,K,0.6866666666666666
MPR,1993-09-10,Mg,1.9444444444444444
MPR,1993-09-10,NO3,38.888888888888886
MPR,1993-09-10,Ca,7.8822222222222225
MPR,1993-09-10,NH4,NA
MPR,1993-11-12,K,0.5988888888888889
MPR,1993-11-12,Mg,1.5222222222222221
MPR,1993-11-12,NO3,33.2
MPR,1993-11-12,Ca,6.6
MPR,1993-11-12,NH4,NA
MPR,1994-01-14,K,0.6366666666666667
MPR,1994-01-14,Mg,1.8822222222222222
MPR,1994-01-14,NO3,6.333333333333333
MPR,1994-01-14,Ca,8
MPR,1994-01-14,NH4,NA
MPR,1994-03-18,K,0.7588888888888888
MPR,1994-03-18,Mg,2.1155555555555554
MPR,1994-03-18,NO3,18.4
MPR,1994-03-18,Ca,9.256666666666666
MPR,1994-03-18,NH4,NA
MPR,1994-05-20,K,0.8277777777777777
MPR,1994-05-20,Mg,2.3544444444444443
MPR,1994-05-20,NO3,24.75
MPR,1994-05-20,Ca,8.94111111111111
MPR,1994-05-20,NH4,NA
MPR,1994-07-22,K,0.8722222222222222
MPR,1994-07-22,Mg,2.428888888888889
MPR,1994-07-22,NO3,179
MPR,1994-07-22,Ca,9.212222222222222
MPR,1994-07-22,NH4,NA
MPR,1994-09-23,K,0.7644444444444445
MPR,1994-09-23,Mg,1.93
MPR,1994-09-23,NO3,NA
MPR,1994-09-23,Ca,8.956666666666667
MPR,1994-09-23,NH4,NA
MPR,1994-11-25,K,0.738
MPR,1994-11-25,Mg,2.338
MPR,1994-11-25,NO3,43
MPR,1994-11-25,Ca,8.16
MPR,1994-11-25,NH4,NA
Q1,1988-01-01,K,0.8066666666666666
Q1,1988-01-01,Mg,2.1926666666666668
Q1,1988-01-01,NO3,155.06666666666666
Q1,1988-01-01,Ca,3.42
Q1,1988-01-01,NH4,27.533333333333335
Q1,1988-03-04,K,0.89
Q1,1988-03-04,Mg,1.976875
Q1,1988-03-04,NO3,207.8125
Q1,1988-03-04,Ca,3.084375
Q1,1988-03-04,NH4,22.125
Q1,1988-05-06,K,0.8811111111111111
Q1,1988-05-06,Mg,2.183
Q1,1988-05-06,NO3,157.5
Q1,1988-05-06,Ca,2.9850000000000003
Q1,1988-05-06,NH4,90.625
Q1,1988-07-08,K,0.7607692307692308
Q1,1988-07-08,Mg,1.9523076923076923
Q1,1988-07-08,NO3,63
Q1,1988-07-08,Ca,2.686923076923077
Q1,1988-07-08,NH4,15.5
Q1,1988-09-09,K,0.7925
Q1,1988-09-09,Mg,2.43875
Q1,1988-09-09,NO3,140.55555555555554
Q1,1988-09-09,Ca,3.665
Q1,1988-09-09,NH4,50.25
Q1,1988-11-11,K,0.8444444444444444
Q1,1988-11-11,Mg,2.3722222222222222
Q1,1988-11-11,NO3,153.625
Q1,1988-11-11,Ca,4.15125
Q1,1988-11-11,NH4,NA
Q1,1989-01-13,K,0.9088888888888889
Q1,1989-01-13,Mg,2.783333333333333
Q1,1989-01-13,NO3,130.11111111111111
Q1,1989-01-13,Ca,4.293333333333333
Q1,1989-01-13,NH4,NA
Q1,1989-03-17,K,0.8544444444444445
Q1,1989-03-17,Mg,2.738888888888889
Q1,1989-03-17,NO3,141.88888888888889
Q1,1989-03-17,Ca,4.444444444444445
Q1,1989-03-17,NH4,NA
Q1,1989-05-19,K,0.9477777777777777
Q1,1989-05-19,Mg,2.901111111111111
Q1,1989-05-19,NO3,123
Q1,1989-05-19,Ca,4.5344444444444445
Q1,1989-05-19,NH4,NA
Q1,1989-07-21,K,0.9275
Q1,1989-07-21,Mg,2.6675
Q1,1989-07-21,NO3,99.57142857142857
Q1,1989-07-21,Ca,4.0625
Q1,1989-07-21,NH4,NA
Q1,1989-09-22,K,1.2953846153846154
Q1,1989-09-22,Mg,2.970833333333333
Q1,1989-09-22,NO3,365
Q1,1989-09-22,Ca,4.2
Q1,1989-09-22,NH4,NA
Q1,1989-11-24,K,1.1466666666666667
Q1,1989-11-24,Mg,3.2266666666666666
Q1,1989-11-24,NO3,99
Q1,1989-11-24,Ca,5.8566666666666665
Q1,1989-11-24,NH4,NA
Q1,1990-01-26,K,1.2344444444444445
Q1,1990-01-26,Mg,3.1666666666666665
Q1,1990-01-26,NO3,211.375
Q1,1990-01-26,Ca,5.546666666666667
Q1,1990-01-26,NH4,NA
Q1,1990-03-30,K,1.3628571428571428
Q1,1990-03-30,Mg,2.5492857142857144
Q1,1990-03-30,NO3,450.30769230769226
Q1,1990-03-30,Ca,4.312857142857143
Q1,1990-03-30,NH4,NA
Q1,1990-06-01,K,1.1555555555555554
Q1,1990-06-01,Mg,3.2333333333333334
Q1,1990-06-01,NO3,143.77777777777777
Q1,1990-06-01,Ca,5.4944444444444445
Q1,1990-06-01,NH4,NA
Q1,1990-08-03,K,0.8844444444444445
Q1,1990-08-03,Mg,3.2688888888888887
Q1,1990-08-03,NO3,80.83333333333334
Q1,1990-08-03,Ca,5.841111111111111
Q1,1990-08-03,NH4,NA
Q1,1990-10-05,K,1.007
Q1,1990-10-05,Mg,2.832
Q1,1990-10-05,NO3,108.5
Q1,1990-10-05,Ca,4.603
Q1,1990-10-05,NH4,NA
Q1,1990-12-07,K,0.983
Q1,1990-12-07,Mg,2.988
Q1,1990-12-07,NO3,155.375
Q1,1990-12-07,Ca,5.297
Q1,1990-12-07,NH4,NA
Q1,1991-02-08,K,0.8122222222222223
Q1,1991-02-08,Mg,3.16
Q1,1991-02-08,NO3,70.66666666666667
Q1,1991-02-08,Ca,5.701111111111111
Q1,1991-02-08,NH4,NA
Q1,1991-04-12,K,0.923
Q1,1991-04-12,Mg,2.9539999999999997
Q1,1991-04-12,NO3,43.77777777777778
Q1,1991-04-12,Ca,5.176
Q1,1991-04-12,NH4,NA
Q1,1991-06-14,K,0.7644444444444445
Q1,1991-06-14,Mg,3.3777777777777778
Q1,1991-06-14,NO3,32.42857142857143
Q1,1991-06-14,Ca,5.622222222222223
Q1,1991-06-14,NH4,NA
Q1,1991-08-16,K,1.165
Q1,1991-08-16,Mg,3.614
Q1,1991-08-16,NO3,63.5
Q1,1991-08-16,Ca,5.84
Q1,1991-08-16,NH4,NA
Q1,1991-10-18,K,1.1483333333333334
Q1,1991-10-18,Mg,2.685833333333333
Q1,1991-10-18,NO3,118.16666666666666
Q1,1991-10-18,Ca,4.1425
Q1,1991-10-18,NH4,NA
Q1,1991-12-20,K,1.221
Q1,1991-12-20,Mg,3.004
Q1,1991-12-20,NO3,184.55555555555554
Q1,1991-12-20,Ca,5.06
Q1,1991-12-20,NH4,NA
Q1,1992-02-21,K,1.1111111111111112
Q1,1992-02-21,Mg,3.578888888888889
Q1,1992-02-21,NO3,79.75
Q1,1992-02-21,Ca,6.308888888888889
Q1,1992-02-21,NH4,NA
Q1,1992-04-24,K,1.031111111111111
Q1,1992-04-24,Mg,2.59
Q1,1992-04-24,NO3,57.125
Q1,1992-04-24,Ca,4.303333333333334
Q1,1992-04-24,NH4,NA
Q1,1992-06-26,K,1.1466666666666667
Q1,1992-06-26,Mg,3.2455555555555557
Q1,1992-06-26,NO3,140.625
Q1,1992-06-26,Ca,5.6066666666666665
Q1,1992-06-26,NH4,NA
Q1,1992-08-28,K,1.0655555555555556
Q1,1992-08-28,Mg,3.517777777777778
Q1,1992-08-28,NO3,67.71428571428571
Q1,1992-08-28,Ca,6.2
Q1,1992-08-28,NH4,NA
Q1,1992-10-30,K,0.9622222222222222
Q1,1992-10-30,Mg,2.4955555555555557
Q1,1992-10-30,NO3,33
Q1,1992-10-30,Ca,4.543333333333333
Q1,1992-10-30,NH4,NA
Q1,1993-01-01,K,1.1344444444444444
Q1,1993-01-01,Mg,3.181111111111111
Q1,1993-01-01,NO3,20
Q1,1993-01-01,Ca,4.975555555555555
Q1,1993-01-01,NH4,NA
Q1,1993-03-05,K,1.1744444444444444
Q1,1993-03-05,Mg,3.671111111111111
Q1,1993-03-05,NO3,137.11111111111111
Q1,1993-03-05,Ca,5.795555555555556
Q1,1993-03-05,NH4,NA
Q1,1993-05-07,K,1.1577777777777778
Q1,1993-05-07,Mg,3.2222222222222223
Q1,1993-05-07,NO3,28.333333333333332
Q1,1993-05-07,Ca,5.611111111111111
Q1,1993-05-07,NH4,NA
Q1,1993-07-09,K,1.0033333333333334
Q1,1993-07-09,Mg,3.013333333333333
Q1,1993-07-09,NO3,44.6
Q1,1993-07-09,Ca,5.467777777777778
Q1,1993-07-09,NH4,NA
Q1,1993-09-10,K,1.1211111111111112
Q1,1993-09-10,Mg,3.3266666666666667
Q1,1993-09-10,NO3,28.333333333333332
Q1,1993-09-10,Ca,5.921111111111111
Q1,1993-09-10,NH4,NA
Q1,1993-11-12,K,1.18
Q1,1993-11-12,Mg,3.1688888888888886
Q1,1993-11-12,NO3,22.166666666666668
Q1,1993-11-12,Ca,5.688888888888889
Q1,1993-11-12,NH4,NA
Q1,1994-01-14,K,1.0055555555555555
Q1,1994-01-14,Mg,2.951111111111111
Q1,1994-01-14,NO3,13.5
Q1,1994-01-14,Ca,5.302222222222222
Q1,1994-01-14,NH4,NA
Q1,1994-03-18,K,1.051111111111111
Q1,1994-03-18,Mg,3.347777777777778
Q1,1994-03-18,NO3,65.66666666666667
Q1,1994-03-18,Ca,6.14
Q1,1994-03-18,NH4,NA
Q1,1994-05-20,K,1.21
Q1,1994-05-20,Mg,3.85
Q1,1994-05-20,NO3,51.22222222222222
Q1,1994-05-20,Ca,6.785
Q1,1994-05-20,NH4,NA
Q1,1994-07-22,K,1.2377777777777779
Q1,1994-07-22,Mg,3.398888888888889
Q1,1994-07-22,NO3,NA
Q1,1994-07-22,Ca,6.015555555555555
Q1,1994-07-22,NH4,NA
Q1,1994-09-23,K,1.12
Q1,1994-09-23,Mg,3.183333333333333
Q1,1994-09-23,NO3,NA
Q1,1994-09-23,Ca,5.921111111111111
Q1,1994-09-23,NH4,NA
Q1,1994-11-25,K,1.008
Q1,1994-11-25,Mg,3.036
Q1,1994-11-25,NO3,109
Q1,1994-11-25,Ca,5.688
Q1,1994-11-25,NH4,NA
Q2,1988-01-01,K,0.8672222222222222
Q2,1988-01-01,Mg,2.11
Q2,1988-01-01,NO3,239.1875
Q2,1988-01-01,Ca,4.415555555555556
Q2,1988-01-01,NH4,18.5
Q2,1988-03-04,K,0.7833333333333333
Q2,1988-03-04,Mg,2.316666666666667
Q2,1988-03-04,NO3,192.33333333333334
Q2,1988-03-04,Ca,4.243333333333333
Q2,1988-03-04,NH4,27.142857142857142
Q2,1988-05-06,K,0.7969999999999999
Q2,1988-05-06,Mg,2.1189999999999998
Q2,1988-05-06,NO3,239.33333333333334
Q2,1988-05-06,Ca,3.587
Q2,1988-05-06,NH4,74.42857142857143
Q2,1988-07-08,K,0.7846666666666666
Q2,1988-07-08,Mg,2.0286666666666666
Q2,1988-07-08,NO3,178.33333333333334
Q2,1988-07-08,Ca,3.446
Q2,1988-07-08,NH4,14
Q2,1988-09-09,K,0.77
Q2,1988-09-09,Mg,2.37
Q2,1988-09-09,NO3,205
Q2,1988-09-09,Ca,4.55
Q2,1988-09-09,NH4,47
Q2,1988-11-11,K,0.8722222222222222
Q2,1988-11-11,Mg,2.3633333333333333
Q2,1988-11-11,NO3,220.66666666666666
Q2,1988-11-11,Ca,4.161111111111111
Q2,1988-11-11,NH4,NA
Q2,1989-01-13,K,0.9011111111111111
Q2,1989-01-13,Mg,2.52
Q2,1989-01-13,NO3,232.8
Q2,1989-01-13,Ca,4.592222222222222
Q2,1989-01-13,NH4,NA
Q2,1989-03-17,K,0.8766666666666667
Q2,1989-03-17,Mg,2.8766666666666665
Q2,1989-03-17,NO3,190.55555555555554
Q2,1989-03-17,Ca,4.467777777777778
Q2,1989-03-17,NH4,NA
Q2,1989-05-19,K,0.9522222222222222
Q2,1989-05-19,Mg,2.5166666666666666
Q2,1989-05-19,NO3,166.66666666666666
Q2,1989-05-19,Ca,4.615555555555556
Q2,1989-05-19,NH4,NA
Q2,1989-07-21,K,0.995
Q2,1989-07-21,Mg,2.545
Q2,1989-07-21,NO3,143.25
Q2,1989-07-21,Ca,4.9075
Q2,1989-07-21,NH4,NA
Q2,1989-09-22,K,1.4284615384615384
Q2,1989-09-22,Mg,2.9316666666666666
Q2,1989-09-22,NO3,419.1111111111111
Q2,1989-09-22,Ca,5.4175
Q2,1989-09-22,NH4,NA
Q2,1989-11-24,K,1.2066666666666666
Q2,1989-11-24,Mg,3.1233333333333335
Q2,1989-11-24,NO3,239.25
Q2,1989-11-24,Ca,6.613333333333333
Q2,1989-11-24,NH4,NA
Q2,1990-01-26,K,1.3388888888888888
Q2,1990-01-26,Mg,3.0522222222222224
Q2,1990-01-26,NO3,188
Q2,1990-01-26,Ca,6.53
Q2,1990-01-26,NH4,NA
Q2,1990-03-30,K,1.3635714285714287
Q2,1990-03-30,Mg,2.4907142857142857
Q2,1990-03-30,NO3,466.7692307692308
Q2,1990-03-30,Ca,5.1971428571428575
Q2,1990-03-30,NH4,NA
Q2,1990-06-01,K,1.1311111111111112
Q2,1990-06-01,Mg,3.2088888888888887
Q2,1990-06-01,NO3,232.77777777777777
Q2,1990-06-01,Ca,6.776666666666666
Q2,1990-06-01,NH4,NA
Q2,1990-08-03,K,0.9255555555555556
Q2,1990-08-03,Mg,3.2244444444444444
Q2,1990-08-03,NO3,121.11111111111113
Q2,1990-08-03,Ca,7.187777777777778
Q2,1990-08-03,NH4,NA
Q2,1990-10-05,K,0.901
Q2,1990-10-05,Mg,2.712
Q2,1990-10-05,NO3,164.7
Q2,1990-10-05,Ca,5.773
Q2,1990-10-05,NH4,NA
Q2,1990-12-07,K,0.998
Q2,1990-12-07,Mg,3.08
Q2,1990-12-07,NO3,182.11111111111111
Q2,1990-12-07,Ca,6.782
Q2,1990-12-07,NH4,NA
Q2,1991-02-08,K,0.8255555555555556
Q2,1991-02-08,Mg,2.953333333333333
Q2,1991-02-08,NO3,151.75
Q2,1991-02-08,Ca,6.815555555555555
Q2,1991-02-08,NH4,NA
Q2,1991-04-12,K,1.0090000000000001
Q2,1991-04-12,Mg,2.834
Q2,1991-04-12,NO3,35
Q2,1991-04-12,Ca,4.025
Q2,1991-04-12,NH4,NA
Q2,1991-06-14,K,0.9955555555555555
Q2,1991-06-14,Mg,3.201111111111111
Q2,1991-06-14,NO3,81
Q2,1991-06-14,Ca,5.316666666666666
Q2,1991-06-14,NH4,NA
Q2,1991-08-16,K,1.42
Q2,1991-08-16,Mg,2.9859999999999998
Q2,1991-08-16,NO3,88.2
Q2,1991-08-16,Ca,6.027
Q2,1991-08-16,NH4,NA
Q2,1991-10-18,K,1.2725
Q2,1991-10-18,Mg,2.6675
Q2,1991-10-18,NO3,221.08333333333331
Q2,1991-10-18,Ca,4.571666666666666
Q2,1991-10-18,NH4,NA
Q2,1991-12-20,K,1.301
Q2,1991-12-20,Mg,2.956
Q2,1991-12-20,NO3,284.9
Q2,1991-12-20,Ca,5.949
Q2,1991-12-20,NH4,NA
Q2,1992-02-21,K,1.1222222222222222
Q2,1992-02-21,Mg,3.121111111111111
Q2,1992-02-21,NO3,88.125
Q2,1992-02-21,Ca,5.852222222222222
Q2,1992-02-21,NH4,NA
Q2,1992-04-24,K,1.2466666666666666
Q2,1992-04-24,Mg,2.482222222222222
Q2,1992-04-24,NO3,124.875
Q2,1992-04-24,Ca,5.24
Q2,1992-04-24,NH4,NA
Q2,1992-06-26,K,1.23
Q2,1992-06-26,Mg,3.26
Q2,1992-06-26,NO3,108.22222222222223
Q2,1992-06-26,Ca,6.88
Q2,1992-06-26,NH4,NA
Q2,1992-08-28,K,1.2677777777777777
Q2,1992-08-28,Mg,3.1655555555555557
Q2,1992-08-28,NO3,49.125
Q2,1992-08-28,Ca,6.641111111111111
Q2,1992-08-28,NH4,NA
Q2,1992-10-30,K,1.2144444444444444
Q2,1992-10-30,Mg,2.6044444444444443
Q2,1992-10-30,NO3,66.28571428571429
Q2,1992-10-30,Ca,5.694444444444445
Q2,1992-10-30,NH4,NA
Q2,1993-01-01,K,1.27
Q2,1993-01-01,Mg,3.181111111111111
Q2,1993-01-01,NO3,135
Q2,1993-01-01,Ca,6.49
Q2,1993-01-01,NH4,NA
Q2,1993-03-05,K,1.3044444444444445
Q2,1993-03-05,Mg,3.243333333333333
Q2,1993-03-05,NO3,144
Q2,1993-03-05,Ca,6.347777777777778
Q2,1993-03-05,NH4,NA
Q2,1993-05-07,K,1.468888888888889
Q2,1993-05-07,Mg,2.9611111111111112
Q2,1993-05-07,NO3,72.75
Q2,1993-05-07,Ca,6.171111111111111
Q2,1993-05-07,NH4,NA
Q2,1993-07-09,K,1.4122222222222223
Q2,1993-07-09,Mg,3.1777777777777776
Q2,1993-07-09,NO3,23.5
Q2,1993-07-09,Ca,7.205555555555556
Q2,1993-07-09,NH4,NA
Q2,1993-09-10,K,1.33
Q2,1993-09-10,Mg,2.8533333333333335
Q2,1993-09-10,NO3,55.33333333333333
Q2,1993-09-10,Ca,6.414444444444444
Q2,1993-09-10,NH4,NA
Q2,1993-11-12,K,1.4
Q2,1993-11-12,Mg,2.6155555555555554
Q2,1993-11-12,NO3,56.66666666666667
Q2,1993-11-12,Ca,6.371111111111111
Q2,1993-11-12,NH4,NA
Q2,1994-01-14,K,1.3533333333333333
Q2,1994-01-14,Mg,2.828888888888889
Q2,1994-01-14,NO3,12.333333333333334
Q2,1994-01-14,Ca,5.916666666666667
Q2,1994-01-14,NH4,NA
Q2,1994-03-18,K,1.2733333333333334
Q2,1994-03-18,Mg,3.0566666666666666
Q2,1994-03-18,NO3,30.166666666666664
Q2,1994-03-18,Ca,6.77
Q2,1994-03-18,NH4,NA
Q2,1994-05-20,K,1.46125
Q2,1994-05-20,Mg,3.11875
Q2,1994-05-20,NO3,87.625
Q2,1994-05-20,Ca,6.51
Q2,1994-05-20,NH4,NA
Q2,1994-07-22,K,0.9500000000000001
Q2,1994-07-22,Mg,1.9333333333333331
Q2,1994-07-22,NO3,NA
Q2,1994-07-22,Ca,3.913333333333333
Q2,1994-07-22,NH4,NA
Q2,1994-09-23,K,1.2125
Q2,1994-09-23,Mg,2.125
Q2,1994-09-23,NO3,NA
Q2,1994-09-23,Ca,4.5125
Q2,1994-09-23,NH4,NA
Q2,1994-11-25,K,1.292
Q2,1994-11-25,Mg,2.744
Q2,1994-11-25,NO3,NA
Q2,1994-11-25,Ca,5.898
Q2,1994-11-25,NH4,NA
Q3,1988-01-01,K,0.728
Q3,1988-01-01,Mg,2.556
Q3,1988-01-01,NO3,165.4375
Q3,1988-01-01,Ca,3.3953333333333333
Q3,1988-01-01,NH4,33.1764705882353
Q3,1988-03-04,K,0.5555555555555556
Q3,1988-03-04,Mg,2.6144444444444446
Q3,1988-03-04,NO3,205.22222222222223
Q3,1988-03-04,Ca,3.4766666666666666
Q3,1988-03-04,NH4,26.333333333333332
Q3,1988-05-06,K,0.688
Q3,1988-05-06,Mg,2.339
Q3,1988-05-06,NO3,196
Q3,1988-05-06,Ca,2.613
Q3,1988-05-06,NH4,59.57142857142857
Q3,1988-07-08,K,0.6328571428571429
Q3,1988-07-08,Mg,2.2592857142857143
Q3,1988-07-08,NO3,134.66666666666666
Q3,1988-07-08,Ca,2.710714285714286
Q3,1988-07-08,NH4,28.6
Q3,1988-09-09,K,0.6275
Q3,1988-09-09,Mg,2.48875
Q3,1988-09-09,NO3,168.25
Q3,1988-09-09,Ca,3.33125
Q3,1988-09-09,NH4,41.75
Q3,1988-11-11,K,0.7366666666666667
Q3,1988-11-11,Mg,2.66
Q3,1988-11-11,NO3,191.33333333333334
Q3,1988-11-11,Ca,3.815
Q3,1988-11-11,NH4,NA
Q3,1989-01-13,K,0.7688888888888888
Q3,1989-01-13,Mg,2.8033333333333332
Q3,1989-01-13,NO3,163.66666666666666
Q3,1989-01-13,Ca,3.801111111111111
Q3,1989-01-13,NH4,NA
Q3,1989-03-17,K,0.7344444444444445
Q3,1989-03-17,Mg,2.7355555555555555
Q3,1989-03-17,NO3,164.66666666666666
Q3,1989-03-17,Ca,3.9033333333333333
Q3,1989-03-17,NH4,NA
Q3,1989-05-19,K,0.7511111111111111
Q3,1989-05-19,Mg,2.8066666666666666
Q3,1989-05-19,NO3,92.22222222222223
Q3,1989-05-19,Ca,3.7533333333333334
Q3,1989-05-19,NH4,NA
Q3,1989-07-21,K,0.8
Q3,1989-07-21,Mg,2.41
Q3,1989-07-21,NO3,155.875
Q3,1989-07-21,Ca,3.65125
Q3,1989-07-21,NH4,NA
Q3,1989-09-22,K,1.426153846153846
Q3,1989-09-22,Mg,3.2675
Q3,1989-09-22,NO3,444.625
Q3,1989-09-22,Ca,3.5933333333333333
Q3,1989-09-22,NH4,NA
Q3,1989-11-24,K,1.268888888888889
Q3,1989-11-24,Mg,3.5666666666666664
Q3,1989-11-24,NO3,218.625
Q3,1989-11-24,Ca,5.1433333333333335
Q3,1989-11-24,NH4,NA
Q3,1990-01-26,K,1.4522222222222223
Q3,1990-01-26,Mg,3.3755555555555556
Q3,1990-01-26,NO3,381.77777777777777
Q3,1990-01-26,Ca,4.81
Q3,1990-01-26,NH4,NA
Q3,1990-03-30,K,1.3478571428571429
Q3,1990-03-30,Mg,2.6742857142857144
Q3,1990-03-30,NO3,352.3076923076923
Q3,1990-03-30,Ca,3.6885714285714286
Q3,1990-03-30,NH4,NA
Q3,1990-06-01,K,1.1855555555555555
Q3,1990-06-01,Mg,3.3677777777777775
Q3,1990-06-01,NO3,224.25
Q3,1990-06-01,Ca,4.614444444444445
Q3,1990-06-01,NH4,NA
Q3,1990-08-03,K,0.9944444444444445
Q3,1990-08-03,Mg,3.4522222222222223
Q3,1990-08-03,NO3,151.77777777777777
Q3,1990-08-03,Ca,5.593333333333334
Q3,1990-08-03,NH4,NA
Q3,1990-10-05,K,0.9339999999999999
Q3,1990-10-05,Mg,2.934
Q3,1990-10-05,NO3,155.11111111111111
Q3,1990-10-05,Ca,5.102
Q3,1990-10-05,NH4,NA
Q3,1990-12-07,K,0.9460000000000001
Q3,1990-12-07,Mg,3.08
Q3,1990-12-07,NO3,170.625
Q3,1990-12-07,Ca,4.6770000000000005
Q3,1990-12-07,NH4,NA
Q3,1991-02-08,K,0.7733333333333333
Q3,1991-02-08,Mg,3.8455555555555554
Q3,1991-02-08,NO3,160.22222222222223
Q3,1991-02-08,Ca,4.828888888888889
Q3,1991-02-08,NH4,NA
Q3,1991-04-12,K,0.897
Q3,1991-04-12,Mg,3.23
Q3,1991-04-12,NO3,51.75
Q3,1991-04-12,Ca,4.237
Q3,1991-04-12,NH4,NA
Q3,1991-06-14,K,0.8588888888888889
Q3,1991-06-14,Mg,3.535555555555556
Q3,1991-06-14,NO3,118.625
Q3,1991-06-14,Ca,4.447777777777778
Q3,1991-06-14,NH4,NA
Q3,1991-08-16,K,1.05
Q3,1991-08-16,Mg,3.249
Q3,1991-08-16,NO3,114.8
Q3,1991-08-16,Ca,4.675
Q3,1991-08-16,NH4,NA
Q3,1991-10-18,K,0.8883333333333333
Q3,1991-10-18,Mg,2.788333333333333
Q3,1991-10-18,NO3,161.16666666666666
Q3,1991-10-18,Ca,3.7416666666666667
Q3,1991-10-18,NH4,NA
Q3,1991-12-20,K,1.0050000000000001
Q3,1991-12-20,Mg,3.129
Q3,1991-12-20,NO3,185.3
Q3,1991-12-20,Ca,4.877
Q3,1991-12-20,NH4,NA
Q3,1992-02-21,K,1.12
Q3,1992-02-21,Mg,3.3511111111111114
Q3,1992-02-21,NO3,127.375
Q3,1992-02-21,Ca,6.21
Q3,1992-02-21,NH4,NA
Q3,1992-04-24,K,0.9355555555555556
Q3,1992-04-24,Mg,2.73
Q3,1992-04-24,NO3,115
Q3,1992-04-24,Ca,4.054444444444444
Q3,1992-04-24,NH4,NA
Q3,1992-06-26,K,1.1411111111111112
Q3,1992-06-26,Mg,3.263333333333333
Q3,1992-06-26,NO3,44.888888888888886
Q3,1992-06-26,Ca,4.682222222222222
Q3,1992-06-26,NH4,NA
Q3,1992-08-28,K,0.8933333333333333
Q3,1992-08-28,Mg,3.2177777777777776
Q3,1992-08-28,NO3,56.33333333333333
Q3,1992-08-28,Ca,4.835555555555556
Q3,1992-08-28,NH4,NA
Q3,1992-10-30,K,1.0977777777777777
Q3,1992-10-30,Mg,3.2466666666666666
Q3,1992-10-30,NO3,40.28571428571429
Q3,1992-10-30,Ca,4.528888888888889
Q3,1992-10-30,NH4,NA
Q3,1993-01-01,K,0.8122222222222223
Q3,1993-01-01,Mg,3.0211111111111113
Q3,1993-01-01,NO3,207
Q3,1993-01-01,Ca,4.0377777777777775
Q3,1993-01-01,NH4,NA
Q3,1993-03-05,K,0.8122222222222222
Q3,1993-03-05,Mg,3.571111111111111
Q3,1993-03-05,NO3,129.125
Q3,1993-03-05,Ca,4.424444444444444
Q3,1993-03-05,NH4,NA
Q3,1993-05-07,K,0.855
Q3,1993-05-07,Mg,3.0637499999999998
Q3,1993-05-07,NO3,59
Q3,1993-05-07,Ca,4.31625
Q3,1993-05-07,NH4,NA
Q3,1993-07-09,K,0.8355555555555556
Q3,1993-07-09,Mg,2.95
Q3,1993-07-09,NO3,102.83333333333334
Q3,1993-07-09,Ca,4.687777777777778
Q3,1993-07-09,NH4,NA
Q3,1993-09-10,K,0.8044444444444444
Q3,1993-09-10,Mg,3.0775
Q3,1993-09-10,NO3,43.66666666666667
Q3,1993-09-10,Ca,4.526666666666666
Q3,1993-09-10,NH4,NA
Q3,1993-11-12,K,0.8833333333333333
Q3,1993-11-12,Mg,2.7577777777777777
Q3,1993-11-12,NO3,32.333333333333336
Q3,1993-11-12,Ca,4.225555555555555
Q3,1993-11-12,NH4,NA
Q3,1994-01-14,K,0.8377777777777777
Q3,1994-01-14,Mg,2.973333333333333
Q3,1994-01-14,NO3,11
Q3,1994-01-14,Ca,4.366666666666666
Q3,1994-01-14,NH4,NA
Q3,1994-03-18,K,0.8622222222222222
Q3,1994-03-18,Mg,3.3666666666666667
Q3,1994-03-18,NO3,49
Q3,1994-03-18,Ca,5.066666666666666
Q3,1994-03-18,NH4,NA
Q3,1994-05-20,K,0.907
Q3,1994-05-20,Mg,3.657
Q3,1994-05-20,NO3,52.111111111111114
Q3,1994-05-20,Ca,5.294
Q3,1994-05-20,NH4,NA
Q3,1994-07-22,K,0.8433333333333334
Q3,1994-07-22,Mg,3.522222222222222
Q3,1994-07-22,NO3,NA
Q3,1994-07-22,Ca,4.98
Q3,1994-07-22,NH4,NA
Q3,1994-09-23,K,0.8644444444444445
Q3,1994-09-23,Mg,3.1544444444444446
Q3,1994-09-23,NO3,NA
Q3,1994-09-23,Ca,4.561111111111111
Q3,1994-09-23,NH4,NA
Q3,1994-11-25,K,0.85
Q3,1994-11-25,Mg,3.198
Q3,1994-11-25,NO3,NA
Q3,1994-11-25,Ca,4.586
Q3,1994-11-25,NH4,NA
